Block,Trial,MI_Label,KSS,Event,Marker,Time_lsl,Wall_time,Block_Start_lsl,Block_End_lsl,RT_ms
,,,,baseline_eyes_open_start,1000,1337.7558095720572,,,,
,,,,baseline_eyes_closed_start,1001,1461.5013550377307,,,,
,,,,baseline_fixation_start,1002,1592.5675076127823,,,,
,,,,baseline_end,1003,1652.5786953822858,,,,
1.0,,,,block_start,4001,1653.5345822829433,,1653.5345822829433,,
1.0,1.0,,,trial_start,10,1653.5347204629434,,1653.5345822829433,,
1.0,1.0,,,left_cue,100,1655.5449510752233,,1653.5345822829433,,
1.0,1.0,left,,left_imagery_start,200,1657.561629532501,,1653.5345822829433,,
1.0,1.0,left,,rest_start,300,1661.5770695170627,,1653.5345822829433,,
1.0,1.0,left,,iti_start,400,1663.5932069503406,,1653.5345822829433,,
1.0,1.0,left,,trial_end,11,1665.7260999455764,,1653.5345822829433,,
1.0,2.0,,,trial_start,10,1665.7261952125764,,1653.5345822829433,,
1.0,2.0,,,left_cue,100,1667.742448102854,,1653.5345822829433,,
1.0,2.0,left,,left_imagery_start,200,1669.758698816132,,1653.5345822829433,,
1.0,2.0,left,,rest_start,300,1673.7749848846934,,1653.5345822829433,,
1.0,2.0,left,,iti_start,400,1675.7908386839713,,1653.5345822829433,,
1.0,2.0,left,,trial_end,11,1677.940597961201,,1653.5345822829433,,
1.0,3.0,,,trial_start,10,1677.9407335092012,,1653.5345822829433,,
1.0,3.0,,,right_cue,101,1679.956667826479,,1653.5345822829433,,
1.0,3.0,right,,right_imagery_start,201,1681.9730139747567,,1653.5345822829433,,
1.0,3.0,right,,rest_start,300,1685.9888294983182,,1653.5345822829433,,
1.0,3.0,right,,iti_start,400,1688.0056036575959,,1653.5345822829433,,
1.0,3.0,right,,trial_end,11,1690.104732350844,,1653.5345822829433,,
1.0,4.0,,,trial_start,10,1690.1048992878439,,1653.5345822829433,,
1.0,4.0,,,left_cue,100,1692.1210173431216,,1653.5345822829433,,
1.0,4.0,left,,left_imagery_start,200,1694.1372918953996,,1653.5345822829433,,
1.0,4.0,left,,rest_start,300,1698.153154967961,,1653.5345822829433,,
1.0,4.0,left,,iti_start,400,1700.1693876672387,,1653.5345822829433,,
1.0,4.0,left,,trial_end,11,1702.2865269724803,,1653.5345822829433,,
1.0,5.0,,,trial_start,10,1702.2867190704803,,1653.5345822829433,,
1.0,5.0,,,left_cue,100,1704.3021982907583,,1653.5345822829433,,
1.0,5.0,left,,left_imagery_start,200,1706.318236423036,,1653.5345822829433,,
1.0,5.0,left,,rest_start,300,1710.3341721825975,,1653.5345822829433,,
1.0,5.0,left,,iti_start,400,1712.3503224378755,,1653.5345822829433,,
1.0,5.0,left,,trial_end,11,1714.6332133430576,,1653.5345822829433,,
1.0,6.0,,,trial_start,10,1714.6333124790576,,1653.5345822829433,,
1.0,6.0,,,left_cue,100,1716.6496986453355,,1653.5345822829433,,
1.0,6.0,left,,left_imagery_start,200,1718.6657415766133,,1653.5345822829433,,
1.0,6.0,left,,rest_start,300,1722.6815065851747,,1653.5345822829433,,
1.0,6.0,left,,iti_start,400,1724.6984046284524,,1653.5345822829433,,
1.0,6.0,left,,trial_end,11,1726.7642693487123,,1653.5345822829433,,
1.0,7.0,,,trial_start,10,1726.7643891847122,,1653.5345822829433,,
1.0,7.0,,,right_cue,101,1728.7804101829902,,1653.5345822829433,,
1.0,7.0,right,,right_imagery_start,201,1730.7968702142678,,1653.5345822829433,,
1.0,7.0,right,,rest_start,300,1734.8124355018294,,1653.5345822829433,,
1.0,7.0,right,,iti_start,400,1736.8287530811072,,1653.5345822829433,,
1.0,7.0,right,,trial_end,11,1738.8949301173668,,1653.5345822829433,,
1.0,8.0,,,trial_start,10,1738.895053962367,,1653.5345822829433,,
1.0,8.0,,,left_cue,100,1740.9112468856447,,1653.5345822829433,,
1.0,8.0,left,,left_imagery_start,200,1742.9276415959223,,1653.5345822829433,,
1.0,8.0,left,,rest_start,300,1746.943317301484,,1653.5345822829433,,
1.0,8.0,left,,iti_start,400,1748.9597853467617,,1653.5345822829433,,
1.0,8.0,left,,trial_end,11,1750.9925428610336,,1653.5345822829433,,
1.0,9.0,,,trial_start,10,1750.9926340690336,,1653.5345822829433,,
1.0,9.0,,,right_cue,101,1753.0089267173112,,1653.5345822829433,,
1.0,9.0,right,,right_imagery_start,201,1755.0250941595891,,1653.5345822829433,,
1.0,9.0,right,,rest_start,300,1759.0410140091506,,1653.5345822829433,,
1.0,9.0,right,,iti_start,400,1761.0573208254284,,1653.5345822829433,,
1.0,9.0,right,,trial_end,11,1763.1734801586704,,1653.5345822829433,,
1.0,10.0,,,trial_start,10,1763.1735867666703,,1653.5345822829433,,
1.0,10.0,,,right_cue,101,1765.1898556589479,,1653.5345822829433,,
1.0,10.0,right,,right_imagery_start,201,1767.2066608852256,,1653.5345822829433,,
1.0,10.0,right,,rest_start,300,1771.2219824357871,,1653.5345822829433,,
1.0,10.0,right,,iti_start,400,1773.238220018065,,1653.5345822829433,,
1.0,10.0,right,,trial_end,11,1775.4378420692772,,1653.5345822829433,,
1.0,11.0,,,trial_start,10,1775.438027158277,,1653.5345822829433,,
1.0,11.0,,,left_cue,100,1777.454280777555,,1653.5345822829433,,
1.0,11.0,left,,left_imagery_start,200,1779.4705333238328,,1653.5345822829433,,
1.0,11.0,left,,rest_start,300,1783.4861782073942,,1653.5345822829433,,
1.0,11.0,left,,iti_start,400,1785.502438647672,,1653.5345822829433,,
1.0,11.0,left,,trial_end,11,1787.5519496499378,,1653.5345822829433,,
1.0,12.0,,,trial_start,10,1787.5520760559377,,1653.5345822829433,,
1.0,12.0,,,left_cue,100,1789.5685774492154,,1653.5345822829433,,
1.0,12.0,left,,left_imagery_start,200,1791.5849158754934,,1653.5345822829433,,
1.0,12.0,left,,rest_start,300,1795.6004445830547,,1653.5345822829433,,
1.0,12.0,left,,iti_start,400,1797.6167662933326,,1653.5345822829433,,
1.0,12.0,left,,trial_end,11,1799.7165364295804,,1653.5345822829433,,
1.0,13.0,,,trial_start,10,1799.7166481005804,,1653.5345822829433,,
1.0,13.0,,,right_cue,101,1801.732875972858,,1653.5345822829433,,
1.0,13.0,right,,right_imagery_start,201,1803.748860295136,,1653.5345822829433,,
1.0,13.0,right,,rest_start,300,1807.7647378016975,,1653.5345822829433,,
1.0,13.0,right,,iti_start,400,1809.7810520709752,,1653.5345822829433,,
1.0,13.0,right,,trial_end,11,1811.8972578462171,,1653.5345822829433,,
1.0,14.0,,,trial_start,10,1811.8973549862171,,1653.5345822829433,,
1.0,14.0,,,left_cue,100,1813.913522838495,,1653.5345822829433,,
1.0,14.0,left,,left_imagery_start,200,1815.9297230167729,,1653.5345822829433,,
1.0,14.0,left,,rest_start,300,1819.9455931683342,,1653.5345822829433,,
1.0,14.0,left,,iti_start,400,1821.961868315612,,1653.5345822829433,,
1.0,14.0,left,,trial_end,11,1824.0282277938718,,1653.5345822829433,,
1.0,15.0,,,trial_start,10,1824.0283068328717,,1653.5345822829433,,
1.0,15.0,,,right_cue,101,1826.0445091511497,,1653.5345822829433,,
1.0,15.0,right,,right_imagery_start,201,1828.0606377354275,,1653.5345822829433,,
1.0,15.0,right,,rest_start,300,1832.076545857989,,1653.5345822829433,,
1.0,15.0,right,,iti_start,400,1834.0932451552665,,1653.5345822829433,,
1.0,15.0,right,,trial_end,11,1836.1424787405324,,1653.5345822829433,,
1.0,16.0,,,trial_start,10,1836.1425855825323,,1653.5345822829433,,
1.0,16.0,,,right_cue,101,1838.1587245848102,,1653.5345822829433,,
1.0,16.0,right,,right_imagery_start,201,1840.174960949088,,1653.5345822829433,,
1.0,16.0,right,,rest_start,300,1844.1911563646495,,1653.5345822829433,,
1.0,16.0,right,,iti_start,400,1846.2071297789273,,1653.5345822829433,,
1.0,16.0,right,,trial_end,11,1848.323490430169,,1653.5345822829433,,
1.0,17.0,,,trial_start,10,1848.323646880169,,1653.5345822829433,,
1.0,17.0,,,left_cue,100,1850.339513767447,,1653.5345822829433,,
1.0,17.0,left,,left_imagery_start,200,1852.3560712997248,,1653.5345822829433,,
1.0,17.0,left,,rest_start,300,1856.3719469892862,,1653.5345822829433,,
1.0,17.0,left,,iti_start,400,1858.388044408564,,1653.5345822829433,,
1.0,17.0,left,,trial_end,11,1860.5876017157761,,1653.5345822829433,,
1.0,18.0,,,trial_start,10,1860.587711237776,,1653.5345822829433,,
1.0,18.0,,,left_cue,100,1862.6040210460537,,1653.5345822829433,,
1.0,18.0,left,,left_imagery_start,200,1864.6201893343316,,1653.5345822829433,,
1.0,18.0,left,,rest_start,300,1868.6361161188931,,1653.5345822829433,,
1.0,18.0,left,,iti_start,400,1870.652262258171,,1653.5345822829433,,
1.0,18.0,left,,trial_end,11,1872.7189563914305,,1653.5345822829433,,
1.0,19.0,,,trial_start,10,1872.7191028084305,,1653.5345822829433,,
1.0,19.0,,,right_cue,101,1874.7349109917084,,1653.5345822829433,,
1.0,19.0,right,,right_imagery_start,201,1876.7516897169862,,1653.5345822829433,,
1.0,19.0,right,,rest_start,300,1880.7669774985477,,1653.5345822829433,,
1.0,19.0,right,,iti_start,400,1882.7837531868254,,1653.5345822829433,,
1.0,19.0,right,,trial_end,11,1884.9665212900434,,1653.5345822829433,,
1.0,20.0,,,trial_start,10,1884.9666456130435,,1653.5345822829433,,
1.0,20.0,,,left_cue,100,1886.9827219183212,,1653.5345822829433,,
1.0,20.0,left,,left_imagery_start,200,1888.998922577599,,1653.5345822829433,,
1.0,20.0,left,,rest_start,300,1893.0145658571605,,1653.5345822829433,,
1.0,20.0,left,,iti_start,400,1895.0312151814383,,1653.5345822829433,,
1.0,20.0,left,,trial_end,11,1897.14732905568,,1653.5345822829433,,
1.0,21.0,,,trial_start,10,1897.14746605468,,1653.5345822829433,,
1.0,21.0,,,right_cue,101,1899.163454645958,,1653.5345822829433,,
1.0,21.0,right,,right_imagery_start,201,1901.179562975236,,1653.5345822829433,,
1.0,21.0,right,,rest_start,300,1905.1958357247972,,1653.5345822829433,,
1.0,21.0,right,,iti_start,400,1907.2116508870752,,1653.5345822829433,,
1.0,21.0,right,,trial_end,11,1909.361304016305,,1653.5345822829433,,
1.0,22.0,,,trial_start,10,1909.361381148305,,1653.5345822829433,,
1.0,22.0,,,right_cue,101,1911.3777354735828,,1653.5345822829433,,
1.0,22.0,right,,right_imagery_start,201,1913.3941558868605,,1653.5345822829433,,
1.0,22.0,right,,rest_start,300,1917.4096329024221,,1653.5345822829433,,
1.0,22.0,right,,iti_start,400,1919.4260383506999,,1653.5345822829433,,
1.0,22.0,right,,trial_end,11,1921.8255251728403,,1653.5345822829433,,
1.0,23.0,,,trial_start,10,1921.8256068838402,,1653.5345822829433,,
1.0,23.0,,,right_cue,101,1923.841760749118,,1653.5345822829433,,
1.0,23.0,right,,right_imagery_start,201,1925.8585069783958,,1653.5345822829433,,
1.0,23.0,right,,rest_start,300,1929.8739073679574,,1653.5345822829433,,
1.0,23.0,right,,iti_start,400,1931.890612755235,,1653.5345822829433,,
1.0,23.0,right,,trial_end,11,1933.906451239513,,1653.5345822829433,,
1.0,24.0,,,trial_start,10,1933.906559864513,,1653.5345822829433,,
1.0,24.0,,,left_cue,100,1935.9225818597909,,1653.5345822829433,,
1.0,24.0,left,,left_imagery_start,200,1937.9390209370683,,1653.5345822829433,,
1.0,24.0,left,,rest_start,300,1941.9548052266298,,1653.5345822829433,,
1.0,24.0,left,,iti_start,400,1943.9549302739133,,1653.5345822829433,,
1.0,24.0,left,,trial_end,11,1946.0374098531677,,1653.5345822829433,,
1.0,25.0,,,trial_start,10,1946.0375524601675,,1653.5345822829433,,
1.0,25.0,,,right_cue,101,1948.0537243914453,,1653.5345822829433,,
1.0,25.0,right,,right_imagery_start,201,1950.0704594557228,,1653.5345822829433,,
1.0,25.0,right,,rest_start,300,1954.0858009702845,,1653.5345822829433,,
1.0,25.0,right,,iti_start,400,1956.1021151235623,,1653.5345822829433,,
1.0,25.0,right,,trial_end,11,1958.3350138797625,,1653.5345822829433,,
1.0,26.0,,,trial_start,10,1958.3351043007624,,1653.5345822829433,,
1.0,26.0,,,left_cue,100,1960.3511750430403,,1653.5345822829433,,
1.0,26.0,left,,left_imagery_start,200,1962.367385395318,,1653.5345822829433,,
1.0,26.0,left,,rest_start,300,1966.3838446258794,,1653.5345822829433,,
1.0,26.0,left,,iti_start,400,1968.3996230381572,,1653.5345822829433,,
1.0,26.0,left,,trial_end,11,1970.5993658293694,,1653.5345822829433,,
1.0,27.0,,,trial_start,10,1970.5994678563693,,1653.5345822829433,,
1.0,27.0,,,right_cue,101,1972.615657134647,,1653.5345822829433,,
1.0,27.0,right,,right_imagery_start,201,1974.6317423799248,,1653.5345822829433,,
1.0,27.0,right,,rest_start,300,1978.6475318164864,,1653.5345822829433,,
1.0,27.0,right,,iti_start,400,1980.6642234087642,,1653.5345822829433,,
1.0,27.0,right,,trial_end,11,1982.8967114099644,,1653.5345822829433,,
1.0,28.0,,,trial_start,10,1982.8968144589642,,1653.5345822829433,,
1.0,28.0,,,right_cue,101,1984.9134098062418,,1653.5345822829433,,
1.0,28.0,right,,right_imagery_start,201,1986.9294318475197,,1653.5345822829433,,
1.0,28.0,right,,rest_start,300,1990.9454342790814,,1653.5345822829433,,
1.0,28.0,right,,iti_start,400,1992.9614337663593,,1653.5345822829433,,
1.0,28.0,right,,trial_end,11,1995.2109856425534,,1653.5345822829433,,
1.0,28.0,right,,block_end,4101,1995.211120864553,,1653.5345822829433,1995.211120864553,
1.0,28.0,right,,kss_screen_onset,700,1995.211204759553,,1653.5345822829433,1995.211120864553,
1.0,28.0,right,7.0,kss_rating,2007,2008.4296029848183,,1653.5345822829433,1995.211120864553,
1.0,28.0,right,7.0,rt_fixation_onset,30,2009.2418455195273,,1653.5345822829433,1995.211120864553,
1.0,28.0,right,7.0,rt_stimulus_onset,31,2011.808187696608,,1653.5345822829433,1995.211120864553,
1.0,28.0,right,7.0,rt_response_hit,32,2012.2022518204672,,1653.5345822829433,1995.211120864553,394.06412385915246
1.0,28.0,right,7.0,break_start,6001,2012.7077010842859,,1653.5345822829433,1995.211120864553,
1.0,28.0,right,7.0,break_end,6101,2145.032988409886,,1653.5345822829433,1995.211120864553,
2.0,28.0,right,7.0,block_start,4002,2147.966941170835,,2147.966941170835,,
2.0,1.0,,7.0,trial_start,10,2147.967056578835,,2147.966941170835,,
2.0,1.0,,7.0,left_cue,100,2149.980483010114,,2147.966941170835,,
2.0,1.0,left,7.0,left_imagery_start,200,2151.996631766392,,2147.966941170835,,
2.0,1.0,left,7.0,rest_start,300,2156.012826766953,,2147.966941170835,,
2.0,1.0,left,7.0,iti_start,400,2158.028867260231,,2147.966941170835,,
2.0,1.0,left,7.0,trial_end,11,2160.2115875344493,,2147.966941170835,,
2.0,2.0,,7.0,trial_start,10,2160.2117147274494,,2147.966941170835,,
2.0,2.0,,7.0,left_cue,100,2162.2291062647264,,2147.966941170835,,
2.0,2.0,left,7.0,left_imagery_start,200,2164.2446164130047,,2147.966941170835,,
2.0,2.0,left,7.0,rest_start,300,2168.2601094465663,,2147.966941170835,,
2.0,2.0,left,7.0,iti_start,400,2170.276207756844,,2147.966941170835,,
2.0,2.0,left,7.0,trial_end,11,2172.32586864711,,2147.966941170835,,
2.0,3.0,,7.0,trial_start,10,2172.32594271711,,2147.966941170835,,
2.0,3.0,,7.0,right_cue,101,2174.3421819603873,,2147.966941170835,,
2.0,3.0,right,7.0,right_imagery_start,201,2176.358500820665,,2147.966941170835,,
2.0,3.0,right,7.0,rest_start,300,2180.374525922227,,2147.966941170835,,
2.0,3.0,right,7.0,iti_start,400,2182.390728308505,,2147.966941170835,,
2.0,3.0,right,7.0,trial_end,11,2184.6068638607107,,2147.966941170835,,
2.0,4.0,,7.0,trial_start,10,2184.6069412317106,,2147.966941170835,,
2.0,4.0,,7.0,right_cue,101,2186.623107483989,,2147.966941170835,,
2.0,4.0,right,7.0,right_imagery_start,201,2188.639409088266,,2147.966941170835,,
2.0,4.0,right,7.0,rest_start,300,2192.655266176828,,2147.966941170835,,
2.0,4.0,right,7.0,iti_start,400,2194.6719472361056,,2147.966941170835,,
2.0,4.0,right,7.0,trial_end,11,2196.7545739173593,,2147.966941170835,,
2.0,5.0,,7.0,trial_start,10,2196.7547363473595,,2147.966941170835,,
2.0,5.0,,7.0,left_cue,100,2198.770712185637,,2147.966941170835,,
2.0,5.0,left,7.0,left_imagery_start,200,2200.787041816915,,2147.966941170835,,
2.0,5.0,left,7.0,rest_start,300,2204.8028807824767,,2147.966941170835,,
2.0,5.0,left,7.0,iti_start,400,2206.819141495754,,2147.966941170835,,
2.0,5.0,left,7.0,trial_end,11,2208.985335337978,,2147.966941170835,,
2.0,6.0,,7.0,trial_start,10,2208.985422928978,,2147.966941170835,,
2.0,6.0,,7.0,left_cue,100,2211.0016936382563,,2147.966941170835,,
2.0,6.0,left,7.0,left_imagery_start,200,2213.017868309534,,2147.966941170835,,
2.0,6.0,left,7.0,rest_start,300,2217.033775659095,,2147.966941170835,,
2.0,6.0,left,7.0,iti_start,400,2219.050211584373,,2147.966941170835,,
2.0,6.0,left,7.0,trial_end,11,2221.1004017436385,,2147.966941170835,,
2.0,7.0,,7.0,trial_start,10,2221.1004942356385,,2147.966941170835,,
2.0,7.0,,7.0,left_cue,100,2223.1158800939165,,2147.966941170835,,
2.0,7.0,left,7.0,left_imagery_start,200,2225.1328146651945,,2147.966941170835,,
2.0,7.0,left,7.0,rest_start,300,2229.148147037756,,2147.966941170835,,
2.0,7.0,left,7.0,iti_start,400,2231.1643121960337,,2147.966941170835,,
2.0,7.0,left,7.0,trial_end,11,2233.3638671182457,,2147.966941170835,,
2.0,8.0,,7.0,trial_start,10,2233.3639710592456,,2147.966941170835,,
2.0,8.0,,7.0,right_cue,101,2235.3800634225236,,2147.966941170835,,
2.0,8.0,right,7.0,right_imagery_start,201,2237.3962896708017,,2147.966941170835,,
2.0,8.0,right,7.0,rest_start,300,2241.4122038303626,,2147.966941170835,,
2.0,8.0,right,7.0,iti_start,400,2243.4284021156404,,2147.966941170835,,
2.0,8.0,right,7.0,trial_end,11,2245.4782931039063,,2147.966941170835,,
2.0,9.0,,7.0,trial_start,10,2245.478395879906,,2147.966941170835,,
2.0,9.0,,7.0,right_cue,101,2247.494335653184,,2147.966941170835,,
2.0,9.0,right,7.0,right_imagery_start,201,2249.510714731462,,2147.966941170835,,
2.0,9.0,right,7.0,rest_start,300,2253.5264552920235,,2147.966941170835,,
2.0,9.0,right,7.0,iti_start,400,2255.5428486063015,,2147.966941170835,,
2.0,9.0,right,7.0,trial_end,11,2257.709169930525,,2147.966941170835,,
2.0,10.0,,7.0,trial_start,10,2257.709323236525,,2147.966941170835,,
2.0,10.0,,7.0,left_cue,100,2259.7252727348027,,2147.966941170835,,
2.0,10.0,left,7.0,left_imagery_start,200,2261.725473167087,,2147.966941170835,,
2.0,10.0,left,7.0,rest_start,300,2265.740838083648,,2147.966941170835,,
2.0,10.0,left,7.0,iti_start,400,2267.7571500459258,,2147.966941170835,,
2.0,10.0,left,7.0,trial_end,11,2269.9235514031498,,2147.966941170835,,
2.0,11.0,,7.0,trial_start,10,2269.92366412315,,2147.966941170835,,
2.0,11.0,,7.0,left_cue,100,2271.9394899504277,,2147.966941170835,,
2.0,11.0,left,7.0,left_imagery_start,200,2273.939779210711,,2147.966941170835,,
2.0,11.0,left,7.0,rest_start,300,2277.955087839273,,2147.966941170835,,
2.0,11.0,left,7.0,iti_start,400,2279.9713705095505,,2147.966941170835,,
2.0,11.0,left,7.0,trial_end,11,2282.0209218478167,,2147.966941170835,,
2.0,12.0,,7.0,trial_start,10,2282.021042151817,,2147.966941170835,,
2.0,12.0,,7.0,left_cue,100,2284.0371518010943,,2147.966941170835,,
2.0,12.0,left,7.0,left_imagery_start,200,2286.053401518372,,2147.966941170835,,
2.0,12.0,left,7.0,rest_start,300,2290.0694049409335,,2147.966941170835,,
2.0,12.0,left,7.0,iti_start,400,2292.0855690322114,,2147.966941170835,,
2.0,12.0,left,7.0,trial_end,11,2294.2685283754295,,2147.966941170835,,
2.0,13.0,,7.0,trial_start,10,2294.2686483594293,,2147.966941170835,,
2.0,13.0,,7.0,right_cue,101,2296.2850840377073,,2147.966941170835,,
2.0,13.0,right,7.0,right_imagery_start,201,2298.301040916985,,2147.966941170835,,
2.0,13.0,right,7.0,rest_start,300,2302.3168564825464,,2147.966941170835,,
2.0,13.0,right,7.0,iti_start,400,2304.333246539824,,2147.966941170835,,
2.0,13.0,right,7.0,trial_end,11,2306.54985192403,,2147.966941170835,,
2.0,14.0,,7.0,trial_start,10,2306.5500292350303,,2147.966941170835,,
2.0,14.0,,7.0,right_cue,101,2308.565711744308,,2147.966941170835,,
2.0,14.0,right,7.0,right_imagery_start,201,2310.5819446115856,,2147.966941170835,,
2.0,14.0,right,7.0,rest_start,300,2314.5980895571474,,2147.966941170835,,
2.0,14.0,right,7.0,iti_start,400,2316.614101527425,,2147.966941170835,,
2.0,14.0,right,7.0,trial_end,11,2318.696914291679,,2147.966941170835,,
2.0,15.0,,7.0,trial_start,10,2318.697041359679,,2147.966941170835,,
2.0,15.0,,7.0,left_cue,100,2320.713497256957,,2147.966941170835,,
2.0,15.0,left,7.0,left_imagery_start,200,2322.7294818912346,,2147.966941170835,,
2.0,15.0,left,7.0,rest_start,300,2326.745398252796,,2147.966941170835,,
2.0,15.0,left,7.0,iti_start,400,2328.7622742230737,,2147.966941170835,,
2.0,15.0,left,7.0,trial_end,11,2330.8278771363334,,2147.966941170835,,
2.0,16.0,,7.0,trial_start,10,2330.8279774763337,,2147.966941170835,,
2.0,16.0,,7.0,right_cue,101,2332.8442687066113,,2147.966941170835,,
2.0,16.0,right,7.0,right_imagery_start,201,2334.8604413428893,,2147.966941170835,,
2.0,16.0,right,7.0,rest_start,300,2338.8763094834508,,2147.966941170835,,
2.0,16.0,right,7.0,iti_start,400,2340.892557411729,,2147.966941170835,,
2.0,16.0,right,7.0,trial_end,11,2343.0587941149524,,2147.966941170835,,
2.0,17.0,,7.0,trial_start,10,2343.0588841569524,,2147.966941170835,,
2.0,17.0,,7.0,right_cue,101,2345.07497581323,,2147.966941170835,,
2.0,17.0,right,7.0,right_imagery_start,201,2347.091384393508,,2147.966941170835,,
2.0,17.0,right,7.0,rest_start,300,2351.1072324420693,,2147.966941170835,,
2.0,17.0,right,7.0,iti_start,400,2353.123766821347,,2147.966941170835,,
2.0,17.0,right,7.0,trial_end,11,2355.256417543583,,2147.966941170835,,
2.0,18.0,,7.0,trial_start,10,2355.256490989583,,2147.966941170835,,
2.0,18.0,,7.0,left_cue,100,2357.272688669861,,2147.966941170835,,
2.0,18.0,left,7.0,left_imagery_start,200,2359.288821271139,,2147.966941170835,,
2.0,18.0,left,7.0,rest_start,300,2363.3047576347003,,2147.966941170835,,
2.0,18.0,left,7.0,iti_start,400,2365.321041086978,,2147.966941170835,,
2.0,18.0,left,7.0,trial_end,11,2367.487428913202,,2147.966941170835,,
2.0,19.0,,7.0,trial_start,10,2367.487557705202,,2147.966941170835,,
2.0,19.0,,7.0,left_cue,100,2369.50350492348,,2147.966941170835,,
2.0,19.0,left,7.0,left_imagery_start,200,2371.5202216817574,,2147.966941170835,,
2.0,19.0,left,7.0,rest_start,300,2375.5357513763192,,2147.966941170835,,
2.0,19.0,left,7.0,iti_start,400,2377.5524523695963,,2147.966941170835,,
2.0,19.0,left,7.0,trial_end,11,2379.6350487048508,,2147.966941170835,,
2.0,20.0,,7.0,trial_start,10,2379.6351718808505,,2147.966941170835,,
2.0,20.0,,7.0,right_cue,101,2381.6511532621284,,2147.966941170835,,
2.0,20.0,right,7.0,right_imagery_start,201,2383.6676013084066,,2147.966941170835,,
2.0,20.0,right,7.0,rest_start,300,2387.6833610779677,,2147.966941170835,,
2.0,20.0,right,7.0,iti_start,400,2389.6995272482454,,2147.966941170835,,
2.0,20.0,right,7.0,trial_end,11,2391.815873630487,,2147.966941170835,,
2.0,21.0,,7.0,trial_start,10,2391.8160028744874,,2147.966941170835,,
2.0,21.0,,7.0,left_cue,100,2393.8321086497654,,2147.966941170835,,
2.0,21.0,left,7.0,left_imagery_start,200,2395.8491719910426,,2147.966941170835,,
2.0,21.0,left,7.0,rest_start,300,2399.8649449846043,,2147.966941170835,,
2.0,21.0,left,7.0,iti_start,400,2401.8805467558823,,2147.966941170835,,
2.0,21.0,left,7.0,trial_end,11,2403.947127455142,,2147.966941170835,,
2.0,22.0,,7.0,trial_start,10,2403.9473182361417,,2147.966941170835,,
2.0,22.0,,7.0,right_cue,101,2405.9636354494196,,2147.966941170835,,
2.0,22.0,right,7.0,right_imagery_start,201,2407.9797764866976,,2147.966941170835,,
2.0,22.0,right,7.0,rest_start,300,2411.995411698259,,2147.966941170835,,
2.0,22.0,right,7.0,iti_start,400,2414.011429696537,,2147.966941170835,,
2.0,22.0,right,7.0,trial_end,11,2416.244492679737,,2147.966941170835,,
2.0,23.0,,7.0,trial_start,10,2416.2445947367373,,2147.966941170835,,
2.0,23.0,,7.0,right_cue,101,2418.260584908015,,2147.966941170835,,
2.0,23.0,right,7.0,right_imagery_start,201,2420.2769432852924,,2147.966941170835,,
2.0,23.0,right,7.0,rest_start,300,2424.292809854854,,2147.966941170835,,
2.0,23.0,right,7.0,iti_start,400,2426.309426588132,,2147.966941170835,,
2.0,23.0,right,7.0,trial_end,11,2428.3757055373917,,2147.966941170835,,
2.0,24.0,,7.0,trial_start,10,2428.3758432053914,,2147.966941170835,,
2.0,24.0,,7.0,right_cue,101,2430.3916314826693,,2147.966941170835,,
2.0,24.0,right,7.0,right_imagery_start,201,2432.4078526279472,,2147.966941170835,,
2.0,24.0,right,7.0,rest_start,300,2436.4241406645083,,2147.966941170835,,
2.0,24.0,right,7.0,iti_start,400,2438.439943336786,,2147.966941170835,,
2.0,24.0,right,7.0,trial_end,11,2440.6399357199984,,2147.966941170835,,
2.0,25.0,,7.0,trial_start,10,2440.6401140579983,,2147.966941170835,,
2.0,25.0,,7.0,left_cue,100,2442.655804499276,,2147.966941170835,,
2.0,25.0,left,7.0,left_imagery_start,200,2444.672388319554,,2147.966941170835,,
2.0,25.0,left,7.0,rest_start,300,2448.6879828771157,,2147.966941170835,,
2.0,25.0,left,7.0,iti_start,400,2450.7043807133937,,2147.966941170835,,
2.0,25.0,left,7.0,trial_end,11,2452.9704213305818,,2147.966941170835,,
2.0,26.0,,7.0,trial_start,10,2452.970556388582,,2147.966941170835,,
2.0,26.0,,7.0,right_cue,101,2454.9867127758594,,2147.966941170835,,
2.0,26.0,right,7.0,right_imagery_start,201,2456.986866444143,,2147.966941170835,,
2.0,26.0,right,7.0,rest_start,300,2461.0026324397045,,2147.966941170835,,
2.0,26.0,right,7.0,iti_start,400,2463.0184111579824,,2147.966941170835,,
2.0,26.0,right,7.0,trial_end,11,2465.1016080552363,,2147.966941170835,,
2.0,27.0,,7.0,trial_start,10,2465.101692280236,,2147.966941170835,,
2.0,27.0,,7.0,left_cue,100,2467.117670848514,,2147.966941170835,,
2.0,27.0,left,7.0,left_imagery_start,200,2469.1338782697917,,2147.966941170835,,
2.0,27.0,left,7.0,rest_start,300,2473.149801802353,,2147.966941170835,,
2.0,27.0,left,7.0,iti_start,400,2475.165895342631,,2147.966941170835,,
2.0,27.0,left,7.0,trial_end,11,2477.465982812807,,2147.966941170835,,
2.0,28.0,,7.0,trial_start,10,2477.466105116807,,2147.966941170835,,
2.0,28.0,,7.0,right_cue,101,2479.4819652360848,,2147.966941170835,,
2.0,28.0,right,7.0,right_imagery_start,201,2481.4980988763627,,2147.966941170835,,
2.0,28.0,right,7.0,rest_start,300,2485.514224897924,,2147.966941170835,,
2.0,28.0,right,7.0,iti_start,400,2487.530318768202,,2147.966941170835,,
2.0,28.0,right,7.0,trial_end,11,2489.613121441456,,2147.966941170835,,
2.0,28.0,right,7.0,block_end,4102,2489.613196566456,,2147.966941170835,2489.613196566456,
2.0,28.0,right,7.0,kss_screen_onset,700,2489.613243547456,,2147.966941170835,2489.613196566456,
2.0,28.0,right,6.0,kss_rating,2006,2494.4857547617107,,2147.966941170835,2489.613196566456,
2.0,28.0,right,6.0,rt_fixation_onset,30,2495.2954715184205,,2147.966941170835,2489.613196566456,
2.0,28.0,right,6.0,rt_stimulus_onset,31,2500.3110098816237,,2147.966941170835,2489.613196566456,
2.0,28.0,right,6.0,rt_response_hit,32,2500.717557406478,,2147.966941170835,2489.613196566456,406.5475248544317
2.0,28.0,right,6.0,break_start,6002,2501.2276941722953,,2147.966941170835,2489.613196566456,
2.0,28.0,right,6.0,break_end,6102,2619.563736588907,,2147.966941170835,2489.613196566456,
3.0,28.0,right,6.0,block_start,4003,2622.0772413310065,,2622.0772413310065,,
3.0,1.0,,6.0,trial_start,10,2622.0774661640066,,2622.0772413310065,,
3.0,1.0,,6.0,right_cue,101,2624.086430850287,,2622.0772413310065,,
3.0,1.0,right,6.0,right_imagery_start,201,2626.086721778571,,2622.0772413310065,,
3.0,1.0,right,6.0,rest_start,300,2630.102106038132,,2622.0772413310065,,
3.0,1.0,right,6.0,iti_start,400,2632.1185370674098,,2622.0772413310065,,
3.0,1.0,right,6.0,trial_end,11,2634.18452970267,,2622.0772413310065,,
3.0,2.0,,6.0,trial_start,10,2634.1846508166695,,2622.0772413310065,,
3.0,2.0,,6.0,left_cue,100,2636.200814877948,,2622.0772413310065,,
3.0,2.0,left,6.0,left_imagery_start,200,2638.2171420142254,,2622.0772413310065,,
3.0,2.0,left,6.0,rest_start,300,2642.2330700267867,,2622.0772413310065,,
3.0,2.0,left,6.0,iti_start,400,2644.2492475730646,,2622.0772413310065,,
3.0,2.0,left,6.0,trial_end,11,2646.4824899042646,,2622.0772413310065,,
3.0,3.0,,6.0,trial_start,10,2646.4826144952644,,2622.0772413310065,,
3.0,3.0,,6.0,left_cue,100,2648.4983896355425,,2622.0772413310065,,
3.0,3.0,left,6.0,left_imagery_start,200,2650.5147671478203,,2622.0772413310065,,
3.0,3.0,left,6.0,rest_start,300,2654.5305555663817,,2622.0772413310065,,
3.0,3.0,left,6.0,iti_start,400,2656.5467832056593,,2622.0772413310065,,
3.0,3.0,left,6.0,trial_end,11,2658.563072005937,,2622.0772413310065,,
3.0,4.0,,6.0,trial_start,10,2658.563300251937,,2622.0772413310065,,
3.0,4.0,,6.0,left_cue,100,2660.579330094215,,2622.0772413310065,,
3.0,4.0,left,6.0,left_imagery_start,200,2662.595481140493,,2622.0772413310065,,
3.0,4.0,left,6.0,rest_start,300,2666.611383730054,,2622.0772413310065,,
3.0,4.0,left,6.0,iti_start,400,2668.627670911332,,2622.0772413310065,,
3.0,4.0,left,6.0,trial_end,11,2670.9778352034905,,2622.0772413310065,,
3.0,5.0,,6.0,trial_start,10,2670.9779830834905,,2622.0772413310065,,
3.0,5.0,,6.0,right_cue,101,2672.9816132517726,,2622.0772413310065,,
3.0,5.0,right,6.0,right_imagery_start,201,2674.9931121130517,,2622.0772413310065,,
3.0,5.0,right,6.0,rest_start,300,2679.0090762816135,,2622.0772413310065,,
3.0,5.0,right,6.0,iti_start,400,2681.0252517308913,,2622.0772413310065,,
3.0,5.0,right,6.0,trial_end,11,2683.141496803133,,2622.0772413310065,,
3.0,6.0,,6.0,trial_start,10,2683.1415917801332,,2622.0772413310065,,
3.0,6.0,,6.0,left_cue,100,2685.1579045204107,,2622.0772413310065,,
3.0,6.0,left,6.0,left_imagery_start,200,2687.1740725016884,,2622.0772413310065,,
3.0,6.0,left,6.0,rest_start,300,2691.18993731725,,2622.0772413310065,,
3.0,6.0,left,6.0,iti_start,400,2693.206269847528,,2622.0772413310065,,
3.0,6.0,left,6.0,trial_end,11,2695.2558523487937,,2622.0772413310065,,
3.0,7.0,,6.0,trial_start,10,2695.255949480794,,2622.0772413310065,,
3.0,7.0,,6.0,right_cue,101,2697.2721333370714,,2622.0772413310065,,
3.0,7.0,right,6.0,right_imagery_start,201,2699.288796040349,,2622.0772413310065,,
3.0,7.0,right,6.0,rest_start,300,2703.3042407379107,,2622.0772413310065,,
3.0,7.0,right,6.0,iti_start,400,2705.3044013121944,,2622.0772413310065,,
3.0,7.0,right,6.0,trial_end,11,2707.3866947964484,,2622.0772413310065,,
3.0,8.0,,6.0,trial_start,10,2707.3867834944485,,2622.0772413310065,,
3.0,8.0,,6.0,right_cue,101,2709.402932445726,,2622.0772413310065,,
3.0,8.0,right,6.0,right_imagery_start,201,2711.4191597740037,,2622.0772413310065,,
3.0,8.0,right,6.0,rest_start,300,2715.4355432165653,,2622.0772413310065,,
3.0,8.0,right,6.0,iti_start,400,2717.4515232078434,,2622.0772413310065,,
3.0,8.0,right,6.0,trial_end,11,2719.5842404440796,,2622.0772413310065,,
3.0,9.0,,6.0,trial_start,10,2719.5843507050795,,2622.0772413310065,,
3.0,9.0,,6.0,right_cue,101,2721.6005695613567,,2622.0772413310065,,
3.0,9.0,right,6.0,right_imagery_start,201,2723.616895614635,,2622.0772413310065,,
3.0,9.0,right,6.0,rest_start,300,2727.6328408141962,,2622.0772413310065,,
3.0,9.0,right,6.0,iti_start,400,2729.649082355474,,2622.0772413310065,,
3.0,9.0,right,6.0,trial_end,11,2731.8153114896977,,2622.0772413310065,,
3.0,10.0,,6.0,trial_start,10,2731.815393569698,,2622.0772413310065,,
3.0,10.0,,6.0,left_cue,100,2733.8315989169755,,2622.0772413310065,,
3.0,10.0,left,6.0,left_imagery_start,200,2735.8477875832536,,2622.0772413310065,,
3.0,10.0,left,6.0,rest_start,300,2739.863647348815,,2622.0772413310065,,
3.0,10.0,left,6.0,iti_start,400,2741.8801561200926,,2622.0772413310065,,
3.0,10.0,left,6.0,trial_end,11,2744.0128324683287,,2622.0772413310065,,
3.0,11.0,,6.0,trial_start,10,2744.0129591493287,,2622.0772413310065,,
3.0,11.0,,6.0,right_cue,101,2746.0292696276065,,2622.0772413310065,,
3.0,11.0,right,6.0,right_imagery_start,201,2748.0452535138843,,2622.0772413310065,,
3.0,11.0,right,6.0,rest_start,300,2752.061168334446,,2622.0772413310065,,
3.0,11.0,right,6.0,iti_start,400,2754.0774836447235,,2622.0772413310065,,
3.0,11.0,right,6.0,trial_end,11,2756.3270392249174,,2622.0772413310065,,
3.0,12.0,,6.0,trial_start,10,2756.327128495918,,2622.0772413310065,,
3.0,12.0,,6.0,right_cue,101,2758.3433143431953,,2622.0772413310065,,
3.0,12.0,right,6.0,right_imagery_start,201,2760.3596371024732,,2622.0772413310065,,
3.0,12.0,right,6.0,rest_start,300,2764.36066676404,,2622.0772413310065,,
3.0,12.0,right,6.0,iti_start,400,2766.3750973113183,,2622.0772413310065,,
3.0,12.0,right,6.0,trial_end,11,2768.474899518566,,2622.0772413310065,,
3.0,13.0,,6.0,trial_start,10,2768.475053929566,,2622.0772413310065,,
3.0,13.0,,6.0,left_cue,100,2770.491039201844,,2622.0772413310065,,
3.0,13.0,left,6.0,left_imagery_start,200,2772.5073733541217,,2622.0772413310065,,
3.0,13.0,left,6.0,rest_start,300,2776.5230887876833,,2622.0772413310065,,
3.0,13.0,left,6.0,iti_start,400,2778.5392948419612,,2622.0772413310065,,
3.0,13.0,left,6.0,trial_end,11,2780.622578619215,,2622.0772413310065,,
3.0,14.0,,6.0,trial_start,10,2780.622725322215,,2622.0772413310065,,
3.0,14.0,,6.0,left_cue,100,2782.638587129493,,2622.0772413310065,,
3.0,14.0,left,6.0,left_imagery_start,200,2784.6547872367705,,2622.0772413310065,,
3.0,14.0,left,6.0,rest_start,300,2788.670655035332,,2622.0772413310065,,
3.0,14.0,left,6.0,iti_start,400,2790.68721940861,,2622.0772413310065,,
3.0,14.0,left,6.0,trial_end,11,2792.7865028028577,,2622.0772413310065,,
3.0,15.0,,6.0,trial_start,10,2792.7866027428577,,2622.0772413310065,,
3.0,15.0,,6.0,right_cue,101,2794.8030238031356,,2622.0772413310065,,
3.0,15.0,right,6.0,right_imagery_start,201,2796.8191202204134,,2622.0772413310065,,
3.0,15.0,right,6.0,rest_start,300,2800.8350983959745,,2622.0772413310065,,
3.0,15.0,right,6.0,iti_start,400,2802.8511543452523,,2622.0772413310065,,
3.0,15.0,right,6.0,trial_end,11,2804.9007671185186,,2622.0772413310065,,
3.0,16.0,,6.0,trial_start,10,2804.9008407545184,,2622.0772413310065,,
3.0,16.0,,6.0,right_cue,101,2806.917391225796,,2622.0772413310065,,
3.0,16.0,right,6.0,right_imagery_start,201,2808.933332501074,,2622.0772413310065,,
3.0,16.0,right,6.0,rest_start,300,2812.9494028916356,,2622.0772413310065,,
3.0,16.0,right,6.0,iti_start,400,2814.965472452913,,2622.0772413310065,,
3.0,16.0,right,6.0,trial_end,11,2817.0983800961494,,2622.0772413310065,,
3.0,17.0,,6.0,trial_start,10,2817.098485133149,,2622.0772413310065,,
3.0,17.0,,6.0,right_cue,101,2819.1146340904265,,2622.0772413310065,,
3.0,17.0,right,6.0,right_imagery_start,201,2821.1311858207046,,2622.0772413310065,,
3.0,17.0,right,6.0,rest_start,300,2825.1468643872663,,2622.0772413310065,,
3.0,17.0,right,6.0,iti_start,400,2827.163233405544,,2622.0772413310065,,
3.0,17.0,right,6.0,trial_end,11,2829.329269210768,,2622.0772413310065,,
3.0,18.0,,6.0,trial_start,10,2829.3293742397677,,2622.0772413310065,,
3.0,18.0,,6.0,left_cue,100,2831.3455330410457,,2622.0772413310065,,
3.0,18.0,left,6.0,left_imagery_start,200,2833.3620784693235,,2622.0772413310065,,
3.0,18.0,left,6.0,rest_start,300,2837.377626194885,,2622.0772413310065,,
3.0,18.0,left,6.0,iti_start,400,2839.3938546551626,,2622.0772413310065,,
3.0,18.0,left,6.0,trial_end,11,2841.576919798381,,2622.0772413310065,,
3.0,19.0,,6.0,trial_start,10,2841.5770873943807,,2622.0772413310065,,
3.0,19.0,,6.0,right_cue,101,2843.593499253658,,2622.0772413310065,,
3.0,19.0,right,6.0,right_imagery_start,201,2845.6093566289364,,2622.0772413310065,,
3.0,19.0,right,6.0,rest_start,300,2849.625326595498,,2622.0772413310065,,
3.0,19.0,right,6.0,iti_start,400,2851.6414481637757,,2622.0772413310065,,
3.0,19.0,right,6.0,trial_end,11,2853.8244407069933,,2622.0772413310065,,
3.0,20.0,,6.0,trial_start,10,2853.8245242239936,,2622.0772413310065,,
3.0,20.0,,6.0,right_cue,101,2855.840750706271,,2622.0772413310065,,
3.0,20.0,right,6.0,right_imagery_start,201,2857.8570039105493,,2622.0772413310065,,
3.0,20.0,right,6.0,rest_start,300,2861.872949494111,,2622.0772413310065,,
3.0,20.0,right,6.0,iti_start,400,2863.8891674553884,,2622.0772413310065,,
3.0,20.0,right,6.0,trial_end,11,2866.1221935105887,,2622.0772413310065,,
3.0,21.0,,6.0,trial_start,10,2866.122311380588,,2622.0772413310065,,
3.0,21.0,,6.0,left_cue,100,2868.1383513428664,,2622.0772413310065,,
3.0,21.0,left,6.0,left_imagery_start,200,2870.154617873144,,2622.0772413310065,,
3.0,21.0,left,6.0,rest_start,300,2874.1703218787056,,2622.0772413310065,,
3.0,21.0,left,6.0,iti_start,400,2876.187219701983,,2622.0772413310065,,
3.0,21.0,left,6.0,trial_end,11,2878.3195173812196,,2622.0772413310065,,
3.0,22.0,,6.0,trial_start,10,2878.31961398722,,2622.0772413310065,,
3.0,22.0,,6.0,left_cue,100,2880.335794529497,,2622.0772413310065,,
3.0,22.0,left,6.0,left_imagery_start,200,2882.352347682775,,2622.0772413310065,,
3.0,22.0,left,6.0,rest_start,300,2886.3680344503364,,2622.0772413310065,,
3.0,22.0,left,6.0,iti_start,400,2888.384449758614,,2622.0772413310065,,
3.0,22.0,left,6.0,trial_end,11,2890.6171945568144,,2622.0772413310065,,
3.0,23.0,,6.0,trial_start,10,2890.6172817288143,,2622.0772413310065,,
3.0,23.0,,6.0,right_cue,101,2892.6335510860918,,2622.0772413310065,,
3.0,23.0,right,6.0,right_imagery_start,201,2894.6496905013696,,2622.0772413310065,,
3.0,23.0,right,6.0,rest_start,300,2898.665548781931,,2622.0772413310065,,
3.0,23.0,right,6.0,iti_start,400,2900.6818596972093,,2622.0772413310065,,
3.0,23.0,right,6.0,trial_end,11,2902.9313719644033,,2622.0772413310065,,
3.0,24.0,,6.0,trial_start,10,2902.9315095104034,,2622.0772413310065,,
3.0,24.0,,6.0,right_cue,101,2904.947662532681,,2622.0772413310065,,
3.0,24.0,right,6.0,right_imagery_start,201,2906.9641942879584,,2622.0772413310065,,
3.0,24.0,right,6.0,rest_start,300,2910.9797608245203,,2622.0772413310065,,
3.0,24.0,right,6.0,iti_start,400,2912.9960839727983,,2622.0772413310065,,
3.0,24.0,right,6.0,trial_end,11,2915.079017931052,,2622.0772413310065,,
3.0,25.0,,6.0,trial_start,10,2915.079123468052,,2622.0772413310065,,
3.0,25.0,,6.0,left_cue,100,2917.09517545333,,2622.0772413310065,,
3.0,25.0,left,6.0,left_imagery_start,200,2919.1114922226075,,2622.0772413310065,,
3.0,25.0,left,6.0,rest_start,300,2923.127897147169,,2622.0772413310065,,
3.0,25.0,left,6.0,iti_start,400,2925.143655390447,,2622.0772413310065,,
3.0,25.0,left,6.0,trial_end,11,2927.293233946677,,2622.0772413310065,,
3.0,26.0,,6.0,trial_start,10,2927.2933174866766,,2622.0772413310065,,
3.0,26.0,,6.0,left_cue,100,2929.3095438889545,,2622.0772413310065,,
3.0,26.0,left,6.0,left_imagery_start,200,2931.325926624232,,2622.0772413310065,,
3.0,26.0,left,6.0,rest_start,300,2935.3416303577937,,2622.0772413310065,,
3.0,26.0,left,6.0,iti_start,400,2937.3584388980717,,2622.0772413310065,,
3.0,26.0,left,6.0,trial_end,11,2939.4076053243375,,2622.0772413310065,,
3.0,27.0,,6.0,trial_start,10,2939.407738203337,,2622.0772413310065,,
3.0,27.0,,6.0,left_cue,100,2941.423746527615,,2622.0772413310065,,
3.0,27.0,left,6.0,left_imagery_start,200,2943.440019165893,,2622.0772413310065,,
3.0,27.0,left,6.0,rest_start,300,2947.4561847974546,,2622.0772413310065,,
3.0,27.0,left,6.0,iti_start,400,2949.4721291207325,,2622.0772413310065,,
3.0,27.0,left,6.0,trial_end,11,2951.638389573956,,2622.0772413310065,,
3.0,28.0,,6.0,trial_start,10,2951.638536008956,,2622.0772413310065,,
3.0,28.0,,6.0,left_cue,100,2953.654841454234,,2622.0772413310065,,
3.0,28.0,left,6.0,left_imagery_start,200,2955.670969301512,,2622.0772413310065,,
3.0,28.0,left,6.0,rest_start,300,2959.6867982770736,,2622.0772413310065,,
3.0,28.0,left,6.0,iti_start,400,2961.703263271351,,2622.0772413310065,,
3.0,28.0,left,6.0,trial_end,11,2964.0361050455153,,2622.0772413310065,,
3.0,28.0,left,6.0,block_end,4103,2964.0362070565157,,2622.0772413310065,2964.0362070565157,
3.0,28.0,left,6.0,kss_screen_onset,700,2964.036258522515,,2622.0772413310065,2964.0362070565157,
3.0,28.0,left,5.0,kss_rating,2005,2969.226119858656,,2622.0772413310065,2964.0362070565157,
3.0,28.0,left,5.0,rt_fixation_onset,30,2970.0351655663662,,2622.0772413310065,2964.0362070565157,
3.0,28.0,left,5.0,rt_stimulus_onset,31,2974.7174681126894,,2622.0772413310065,2964.0362070565157,
3.0,28.0,left,5.0,rt_response_hit,32,2974.9899066225917,,2622.0772413310065,2964.0362070565157,272.4385099022584
3.0,28.0,left,5.0,break_start,6003,2975.5006661344087,,2622.0772413310065,2964.0362070565157,
3.0,28.0,left,5.0,break_end,6103,3083.6929400156537,,2622.0772413310065,2964.0362070565157,
4.0,28.0,left,5.0,block_start,4004,3087.630494248243,,3087.630494248243,,
4.0,1.0,,5.0,trial_start,10,3087.6305921692433,,3087.630494248243,,
4.0,1.0,,5.0,left_cue,100,3089.644369763522,,3087.630494248243,,
4.0,1.0,left,5.0,left_imagery_start,200,3091.6606605507995,,3087.630494248243,,
4.0,1.0,left,5.0,rest_start,300,3095.676531192361,,3087.630494248243,,
4.0,1.0,left,5.0,iti_start,400,3097.692767613639,,3087.630494248243,,
4.0,1.0,left,5.0,trial_end,11,3099.9090963168446,,3087.630494248243,,
4.0,2.0,,5.0,trial_start,10,3099.9091923308447,,3087.630494248243,,
4.0,2.0,,5.0,left_cue,100,3101.9253262541224,,3087.630494248243,,
4.0,2.0,left,5.0,left_imagery_start,200,3103.9418104664005,,3087.630494248243,,
4.0,2.0,left,5.0,rest_start,300,3107.958081488962,,3087.630494248243,,
4.0,2.0,left,5.0,iti_start,400,3109.9737741782396,,3087.630494248243,,
4.0,2.0,left,5.0,trial_end,11,3112.2065977574402,,3087.630494248243,,
4.0,3.0,,5.0,trial_start,10,3112.2066792234396,,3087.630494248243,,
4.0,3.0,,5.0,right_cue,101,3114.2228686217177,,3087.630494248243,,
4.0,3.0,right,5.0,right_imagery_start,201,3116.2391083619955,,3087.630494248243,,
4.0,3.0,right,5.0,rest_start,300,3120.2551131305568,,3087.630494248243,,
4.0,3.0,right,5.0,iti_start,400,3122.2717770858344,,3087.630494248243,,
4.0,3.0,right,5.0,trial_end,11,3124.4209149590647,,3087.630494248243,,
4.0,4.0,,5.0,trial_start,10,3124.4210444590644,,3087.630494248243,,
4.0,4.0,,5.0,left_cue,100,3126.437180140342,,3087.630494248243,,
4.0,4.0,left,5.0,left_imagery_start,200,3128.45338107662,,3087.630494248243,,
4.0,4.0,left,5.0,rest_start,300,3132.4692816771817,,3087.630494248243,,
4.0,4.0,left,5.0,iti_start,400,3134.4854874924595,,3087.630494248243,,
4.0,4.0,left,5.0,trial_end,11,3136.6517764106834,,3087.630494248243,,
4.0,5.0,,5.0,trial_start,10,3136.6518991176836,,3087.630494248243,,
4.0,5.0,,5.0,left_cue,100,3138.668158875961,,3087.630494248243,,
4.0,5.0,left,5.0,left_imagery_start,200,3140.6843910932394,,3087.630494248243,,
4.0,5.0,left,5.0,rest_start,300,3144.7003640058006,,3087.630494248243,,
4.0,5.0,left,5.0,iti_start,400,3146.7165243640784,,3087.630494248243,,
4.0,5.0,left,5.0,trial_end,11,3148.83315869432,,3087.630494248243,,
4.0,6.0,,5.0,trial_start,10,3148.8333335843204,,3087.630494248243,,
4.0,6.0,,5.0,right_cue,101,3150.848974153598,,3087.630494248243,,
4.0,6.0,right,5.0,right_imagery_start,201,3152.8652803938758,,3087.630494248243,,
4.0,6.0,right,5.0,rest_start,300,3156.8811135304372,,3087.630494248243,,
4.0,6.0,right,5.0,iti_start,400,3158.897384243715,,3087.630494248243,,
4.0,6.0,right,5.0,trial_end,11,3161.013594102957,,3087.630494248243,,
4.0,7.0,,5.0,trial_start,10,3161.0136722759567,,3087.630494248243,,
4.0,7.0,,5.0,left_cue,100,3163.0299330602347,,3087.630494248243,,
4.0,7.0,left,5.0,left_imagery_start,200,3165.0462087285127,,3087.630494248243,,
4.0,7.0,left,5.0,rest_start,300,3169.0621922140735,,3087.630494248243,,
4.0,7.0,left,5.0,iti_start,400,3171.078356530352,,3087.630494248243,,
4.0,7.0,left,5.0,trial_end,11,3173.277876643564,,3087.630494248243,,
4.0,8.0,,5.0,trial_start,10,3173.278001874564,,3087.630494248243,,
4.0,8.0,,5.0,left_cue,100,3175.2941681038415,,3087.630494248243,,
4.0,8.0,left,5.0,left_imagery_start,200,3177.3107102951194,,3087.630494248243,,
4.0,8.0,left,5.0,rest_start,300,3181.326584408681,,3087.630494248243,,
4.0,8.0,left,5.0,iti_start,400,3183.342586769959,,3087.630494248243,,
4.0,8.0,left,5.0,trial_end,11,3185.37550228423,,3087.630494248243,,
4.0,9.0,,5.0,trial_start,10,3185.3756087432303,,3087.630494248243,,
4.0,9.0,,5.0,right_cue,101,3187.391768256508,,3087.630494248243,,
4.0,9.0,right,5.0,right_imagery_start,201,3189.408032046786,,3087.630494248243,,
4.0,9.0,right,5.0,rest_start,300,3193.424362297347,,3087.630494248243,,
4.0,9.0,right,5.0,iti_start,400,3195.440219529625,,3087.630494248243,,
4.0,9.0,right,5.0,trial_end,11,3197.5898054858553,,3087.630494248243,,
4.0,10.0,,5.0,trial_start,10,3197.5899036638552,,3087.630494248243,,
4.0,10.0,,5.0,left_cue,100,3199.606241389133,,3087.630494248243,,
4.0,10.0,left,5.0,left_imagery_start,200,3201.622250868411,,3087.630494248243,,
4.0,10.0,left,5.0,rest_start,300,3205.638430607972,,3087.630494248243,,
4.0,10.0,left,5.0,iti_start,400,3207.65442890825,,3087.630494248243,,
4.0,10.0,left,5.0,trial_end,11,3209.7211139105098,,3087.630494248243,,
4.0,11.0,,5.0,trial_start,10,3209.7212013555095,,3087.630494248243,,
4.0,11.0,,5.0,left_cue,100,3211.7370747537875,,3087.630494248243,,
4.0,11.0,left,5.0,left_imagery_start,200,3213.7535194160655,,3087.630494248243,,
4.0,11.0,left,5.0,rest_start,300,3217.769432402627,,3087.630494248243,,
4.0,11.0,left,5.0,iti_start,400,3219.7854658289048,,3087.630494248243,,
4.0,11.0,left,5.0,trial_end,11,3221.884849555153,,3087.630494248243,,
4.0,12.0,,5.0,trial_start,10,3221.8849279811525,,3087.630494248243,,
4.0,12.0,,5.0,right_cue,101,3223.885133799436,,3087.630494248243,,
4.0,12.0,right,5.0,right_imagery_start,201,3225.900752797714,,3087.630494248243,,
4.0,12.0,right,5.0,rest_start,300,3229.9168538762756,,3087.630494248243,,
4.0,12.0,right,5.0,iti_start,400,3231.9329571015533,,3087.630494248243,,
4.0,12.0,right,5.0,trial_end,11,3234.2161587487353,,3087.630494248243,,
4.0,13.0,,5.0,trial_start,10,3234.2162558927353,,3087.630494248243,,
4.0,13.0,,5.0,left_cue,100,3236.232448864013,,3087.630494248243,,
4.0,13.0,left,5.0,left_imagery_start,200,3238.248454471291,,3087.630494248243,,
4.0,13.0,left,5.0,rest_start,300,3242.2642752558527,,3087.630494248243,,
4.0,13.0,left,5.0,iti_start,400,3244.2806097261305,,3087.630494248243,,
4.0,13.0,left,5.0,trial_end,11,3246.4633864483485,,3087.630494248243,,
4.0,14.0,,5.0,trial_start,10,3246.463472872348,,3087.630494248243,,
4.0,14.0,,5.0,right_cue,101,3248.480216604626,,3087.630494248243,,
4.0,14.0,right,5.0,right_imagery_start,201,3250.496132858904,,3087.630494248243,,
4.0,14.0,right,5.0,rest_start,300,3254.512064624465,,3087.630494248243,,
4.0,14.0,right,5.0,iti_start,400,3256.528101641743,,3087.630494248243,,
4.0,14.0,right,5.0,trial_end,11,3258.644290716985,,3087.630494248243,,
4.0,15.0,,5.0,trial_start,10,3258.644377605985,,3087.630494248243,,
4.0,15.0,,5.0,left_cue,100,3260.660494624263,,3087.630494248243,,
4.0,15.0,left,5.0,left_imagery_start,200,3262.6768394455407,,3087.630494248243,,
4.0,15.0,left,5.0,rest_start,300,3266.6926783601025,,3087.630494248243,,
4.0,15.0,left,5.0,iti_start,400,3268.70905144938,,3087.630494248243,,
4.0,15.0,left,5.0,trial_end,11,3270.891861694598,,3087.630494248243,,
4.0,16.0,,5.0,trial_start,10,3270.891957354598,,3087.630494248243,,
4.0,16.0,,5.0,right_cue,101,3272.9081092678757,,3087.630494248243,,
4.0,16.0,right,5.0,right_imagery_start,201,3274.9244378271537,,3087.630494248243,,
4.0,16.0,right,5.0,rest_start,300,3278.940329897715,,3087.630494248243,,
4.0,16.0,right,5.0,iti_start,400,3280.9572562199924,,3087.630494248243,,
4.0,16.0,right,5.0,trial_end,11,3283.1061620972228,,3087.630494248243,,
4.0,17.0,,5.0,trial_start,10,3283.106264885223,,3087.630494248243,,
4.0,17.0,,5.0,right_cue,101,3285.122426735501,,3087.630494248243,,
4.0,17.0,right,5.0,right_imagery_start,201,3287.139146428778,,3087.630494248243,,
4.0,17.0,right,5.0,rest_start,300,3291.1545720833396,,3087.630494248243,,
4.0,17.0,right,5.0,iti_start,400,3293.1708222006177,,3087.630494248243,,
4.0,17.0,right,5.0,trial_end,11,3295.2207335168832,,3087.630494248243,,
4.0,18.0,,5.0,trial_start,10,3295.220866872883,,3087.630494248243,,
4.0,18.0,,5.0,left_cue,100,3297.236688681161,,3087.630494248243,,
4.0,18.0,left,5.0,left_imagery_start,200,3299.253066738439,,3087.630494248243,,
4.0,18.0,left,5.0,rest_start,300,3303.268970827,,3087.630494248243,,
4.0,18.0,left,5.0,iti_start,400,3305.285489669278,,3087.630494248243,,
4.0,18.0,left,5.0,trial_end,11,3307.417961828514,,3087.630494248243,,
4.0,19.0,,5.0,trial_start,10,3307.418110117514,,3087.630494248243,,
4.0,19.0,,5.0,right_cue,101,3309.434661274792,,3087.630494248243,,
4.0,19.0,right,5.0,right_imagery_start,201,3311.45070399207,,3087.630494248243,,
4.0,19.0,right,5.0,rest_start,300,3315.466619977631,,3087.630494248243,,
4.0,19.0,right,5.0,iti_start,400,3317.482727484909,,3087.630494248243,,
4.0,19.0,right,5.0,trial_end,11,3319.5492549281685,,3087.630494248243,,
4.0,20.0,,5.0,trial_start,10,3319.5493724321686,,3087.630494248243,,
4.0,20.0,,5.0,right_cue,101,3321.565363654446,,3087.630494248243,,
4.0,20.0,right,5.0,right_imagery_start,201,3323.581508309724,,3087.630494248243,,
4.0,20.0,right,5.0,rest_start,300,3327.597439354286,,3087.630494248243,,
4.0,20.0,right,5.0,iti_start,400,3329.6136831995636,,3087.630494248243,,
4.0,20.0,right,5.0,trial_end,11,3331.6798742338233,,3087.630494248243,,
4.0,21.0,,5.0,trial_start,10,3331.6799714368235,,3087.630494248243,,
4.0,21.0,,5.0,right_cue,101,3333.6961363001014,,3087.630494248243,,
4.0,21.0,right,5.0,right_imagery_start,201,3335.7128589603785,,3087.630494248243,,
4.0,21.0,right,5.0,rest_start,300,3339.72837100694,,3087.630494248243,,
4.0,21.0,right,5.0,iti_start,400,3341.744570048218,,3087.630494248243,,
4.0,21.0,right,5.0,trial_end,11,3343.894153439448,,3087.630494248243,,
4.0,22.0,,5.0,trial_start,10,3343.8942455114484,,3087.630494248243,,
4.0,22.0,,5.0,right_cue,101,3345.9105914517263,,3087.630494248243,,
4.0,22.0,right,5.0,right_imagery_start,201,3347.926592558004,,3087.630494248243,,
4.0,22.0,right,5.0,rest_start,300,3351.942429888565,,3087.630494248243,,
4.0,22.0,right,5.0,iti_start,400,3353.958818504843,,3087.630494248243,,
4.0,22.0,right,5.0,trial_end,11,3356.075061796085,,3087.630494248243,,
4.0,23.0,,5.0,trial_start,10,3356.075170675085,,3087.630494248243,,
4.0,23.0,,5.0,left_cue,100,3358.091378952363,,3087.630494248243,,
4.0,23.0,left,5.0,left_imagery_start,200,3360.107549619641,,3087.630494248243,,
4.0,23.0,left,5.0,rest_start,300,3364.123526548202,,3087.630494248243,,
4.0,23.0,left,5.0,iti_start,400,3366.13981498848,,3087.630494248243,,
4.0,23.0,left,5.0,trial_end,11,3368.28961091871,,3087.630494248243,,
4.0,24.0,,5.0,trial_start,10,3368.28970800971,,3087.630494248243,,
4.0,24.0,,5.0,right_cue,101,3370.305609288988,,3087.630494248243,,
4.0,24.0,right,5.0,right_imagery_start,201,3372.3218237382653,,3087.630494248243,,
4.0,24.0,right,5.0,rest_start,300,3376.337727816827,,3087.630494248243,,
4.0,24.0,right,5.0,iti_start,400,3378.3540965211046,,3087.630494248243,,
4.0,24.0,right,5.0,trial_end,11,3380.5203039743287,,3087.630494248243,,
4.0,25.0,,5.0,trial_start,10,3380.5204290153283,,3087.630494248243,,
4.0,25.0,,5.0,left_cue,100,3382.536504233606,,3087.630494248243,,
4.0,25.0,left,5.0,left_imagery_start,200,3384.552864933884,,3087.630494248243,,
4.0,25.0,left,5.0,rest_start,300,3388.5689228554456,,3087.630494248243,,
4.0,25.0,left,5.0,iti_start,400,3390.5852471537232,,3087.630494248243,,
4.0,25.0,left,5.0,trial_end,11,3392.7845135159355,,3087.630494248243,,
4.0,26.0,,5.0,trial_start,10,3392.7846765239356,,3087.630494248243,,
4.0,26.0,,5.0,right_cue,101,3394.8007327812134,,3087.630494248243,,
4.0,26.0,right,5.0,right_imagery_start,201,3396.8170988894913,,3087.630494248243,,
4.0,26.0,right,5.0,rest_start,300,3400.8328647610524,,3087.630494248243,,
4.0,26.0,right,5.0,iti_start,400,3402.84920319033,,3087.630494248243,,
4.0,26.0,right,5.0,trial_end,11,3405.0154819315544,,3087.630494248243,,
4.0,27.0,,5.0,trial_start,10,3405.0155702695542,,3087.630494248243,,
4.0,27.0,,5.0,right_cue,101,3407.0320615158316,,3087.630494248243,,
4.0,27.0,right,5.0,right_imagery_start,201,3409.0479119171096,,3087.630494248243,,
4.0,27.0,right,5.0,rest_start,300,3413.063657021671,,3087.630494248243,,
4.0,27.0,right,5.0,iti_start,400,3415.080078246949,,3087.630494248243,,
4.0,27.0,right,5.0,trial_end,11,3417.3629803381314,,3087.630494248243,,
4.0,28.0,,5.0,trial_start,10,3417.363098023131,,3087.630494248243,,
4.0,28.0,,5.0,left_cue,100,3419.379206898409,,3087.630494248243,,
4.0,28.0,left,5.0,left_imagery_start,200,3421.3955423636867,,3087.630494248243,,
4.0,28.0,left,5.0,rest_start,300,3425.4113957142486,,3087.630494248243,,
4.0,28.0,left,5.0,iti_start,400,3427.4276103815264,,3087.630494248243,,
4.0,28.0,left,5.0,trial_end,11,3429.5605125697625,,3087.630494248243,,
4.0,28.0,left,5.0,block_end,4104,3429.560625886762,,3087.630494248243,3429.560625886762,
4.0,28.0,left,5.0,kss_screen_onset,700,3429.5607174187617,,3087.630494248243,3429.560625886762,
4.0,28.0,left,4.0,kss_rating,2004,3435.757166286542,,3087.630494248243,3429.560625886762,
4.0,28.0,left,4.0,rt_fixation_onset,30,3436.5760098902488,,3087.630494248243,3429.560625886762,
4.0,28.0,left,4.0,rt_stimulus_onset,31,3441.358166866536,,3087.630494248243,3429.560625886762,
4.0,28.0,left,4.0,rt_response_hit,32,3441.7944321393798,,3087.630494248243,3429.560625886762,436.2652728436842
4.0,28.0,left,4.0,break_start,6004,3442.3082246741956,,3087.630494248243,3429.560625886762,
4.0,28.0,left,4.0,break_end,6104,3514.085368936485,,3087.630494248243,3429.560625886762,
5.0,28.0,left,4.0,block_start,4005,3515.1044518301196,,3515.1044518301196,,
5.0,1.0,,4.0,trial_start,10,3515.1046198181198,,3515.1044518301196,,
5.0,1.0,,4.0,left_cue,100,3517.1098219954015,,3515.1044518301196,,
5.0,1.0,left,4.0,left_imagery_start,200,3519.1260695696797,,3515.1044518301196,,
5.0,1.0,left,4.0,rest_start,300,3523.1420163112407,,3515.1044518301196,,
5.0,1.0,left,4.0,iti_start,400,3525.1582789975187,,3515.1044518301196,,
5.0,1.0,left,4.0,trial_end,11,3527.3745271387247,,3515.1044518301196,,
5.0,2.0,,4.0,trial_start,10,3527.3746197807245,,3515.1044518301196,,
5.0,2.0,,4.0,left_cue,100,3529.3912899960023,,3515.1044518301196,,
5.0,2.0,left,4.0,left_imagery_start,200,3531.4071259402804,,3515.1044518301196,,
5.0,2.0,left,4.0,rest_start,300,3535.4233499278416,,3515.1044518301196,,
5.0,2.0,left,4.0,iti_start,400,3537.439175431119,,3515.1044518301196,,
5.0,2.0,left,4.0,trial_end,11,3539.6388041313317,,3515.1044518301196,,
5.0,3.0,,4.0,trial_start,10,3539.6389087933317,,3515.1044518301196,,
5.0,3.0,,4.0,left_cue,100,3541.655129960609,,3515.1044518301196,,
5.0,3.0,left,4.0,left_imagery_start,200,3543.671506836887,,3515.1044518301196,,
5.0,3.0,left,4.0,rest_start,300,3547.6872660994486,,3515.1044518301196,,
5.0,3.0,left,4.0,iti_start,400,3549.7034816867263,,3515.1044518301196,,
5.0,3.0,left,4.0,trial_end,11,3551.7697184789863,,3515.1044518301196,,
5.0,4.0,,4.0,trial_start,10,3551.769808674986,,3515.1044518301196,,
5.0,4.0,,4.0,right_cue,101,3553.786123451264,,3515.1044518301196,,
5.0,4.0,right,4.0,right_imagery_start,201,3555.8022004795416,,3515.1044518301196,,
5.0,4.0,right,4.0,rest_start,300,3559.818105580103,,3515.1044518301196,,
5.0,4.0,right,4.0,iti_start,400,3561.834361323381,,3515.1044518301196,,
5.0,4.0,right,4.0,trial_end,11,3563.983968575611,,3515.1044518301196,,
5.0,5.0,,4.0,trial_start,10,3563.984096294611,,3515.1044518301196,,
5.0,5.0,,4.0,left_cue,100,3566.0005318258886,,3515.1044518301196,,
5.0,5.0,left,4.0,left_imagery_start,200,3568.0168385251663,,3515.1044518301196,,
5.0,5.0,left,4.0,rest_start,300,3572.032398771728,,3515.1044518301196,,
5.0,5.0,left,4.0,iti_start,400,3574.0487066870055,,3515.1044518301196,,
5.0,5.0,left,4.0,trial_end,11,3576.0982472362716,,3515.1044518301196,,
5.0,6.0,,4.0,trial_start,10,3576.0983536312715,,3515.1044518301196,,
5.0,6.0,,4.0,right_cue,101,3578.114556923549,,3515.1044518301196,,
5.0,6.0,right,4.0,right_imagery_start,201,3580.131066488827,,3515.1044518301196,,
5.0,6.0,right,4.0,rest_start,300,3584.146639906389,,3515.1044518301196,,
5.0,6.0,right,4.0,iti_start,400,3586.1628077146665,,3515.1044518301196,,
5.0,6.0,right,4.0,trial_end,11,3588.262641141914,,3515.1044518301196,,
5.0,7.0,,4.0,trial_start,10,3588.262861456914,,3515.1044518301196,,
5.0,7.0,,4.0,right_cue,101,3590.2786871701924,,3515.1044518301196,,
5.0,7.0,right,4.0,right_imagery_start,201,3592.2951912294698,,3515.1044518301196,,
5.0,7.0,right,4.0,rest_start,300,3596.3109984650314,,3515.1044518301196,,
5.0,7.0,right,4.0,iti_start,400,3598.327103270309,,3515.1044518301196,,
5.0,7.0,right,4.0,trial_end,11,3600.5766658295033,,3515.1044518301196,,
5.0,8.0,,4.0,trial_start,10,3600.5767824945033,,3515.1044518301196,,
5.0,8.0,,4.0,left_cue,100,3602.593408694781,,3515.1044518301196,,
5.0,8.0,left,4.0,left_imagery_start,200,3604.6091939830585,,3515.1044518301196,,
5.0,8.0,left,4.0,rest_start,300,3608.62536066462,,3515.1044518301196,,
5.0,8.0,left,4.0,iti_start,400,3610.641335115898,,3515.1044518301196,,
5.0,8.0,left,4.0,trial_end,11,3612.774286560134,,3515.1044518301196,,
5.0,9.0,,4.0,trial_start,10,3612.774378044134,,3515.1044518301196,,
5.0,9.0,,4.0,left_cue,100,3614.7746138674174,,3515.1044518301196,,
5.0,9.0,left,4.0,left_imagery_start,200,3616.7901303956955,,3515.1044518301196,,
5.0,9.0,left,4.0,rest_start,300,3620.8059797692567,,3515.1044518301196,,
5.0,9.0,left,4.0,iti_start,400,3622.822710459535,,3515.1044518301196,,
5.0,9.0,left,4.0,trial_end,11,3624.972057192765,,3515.1044518301196,,
5.0,10.0,,4.0,trial_start,10,3624.9722278447643,,3515.1044518301196,,
5.0,10.0,,4.0,right_cue,101,3626.9881817670425,,3515.1044518301196,,
5.0,10.0,right,4.0,right_imagery_start,201,3629.00462927032,,3515.1044518301196,,
5.0,10.0,right,4.0,rest_start,300,3633.0204110468817,,3515.1044518301196,,
5.0,10.0,right,4.0,iti_start,400,3635.0365482711595,,3515.1044518301196,,
5.0,10.0,right,4.0,trial_end,11,3637.4027537773122,,3515.1044518301196,,
5.0,11.0,,4.0,trial_start,10,3637.402872358312,,3515.1044518301196,,
5.0,11.0,,4.0,right_cue,101,3639.4191122305897,,3515.1044518301196,,
5.0,11.0,right,4.0,right_imagery_start,201,3641.435454125867,,3515.1044518301196,,
5.0,11.0,right,4.0,rest_start,300,3645.451142916429,,3515.1044518301196,,
5.0,11.0,right,4.0,iti_start,400,3647.4673664627067,,3515.1044518301196,,
5.0,11.0,right,4.0,trial_end,11,3649.6341189929303,,3515.1044518301196,,
5.0,12.0,,4.0,trial_start,10,3649.6342315389306,,3515.1044518301196,,
5.0,12.0,,4.0,right_cue,101,3651.6498431412083,,3515.1044518301196,,
5.0,12.0,right,4.0,right_imagery_start,201,3653.6661994734864,,3515.1044518301196,,
5.0,12.0,right,4.0,rest_start,300,3657.682038995048,,3515.1044518301196,,
5.0,12.0,right,4.0,iti_start,400,3659.6984790133256,,3515.1044518301196,,
5.0,12.0,right,4.0,trial_end,11,3661.814595339568,,3515.1044518301196,,
5.0,13.0,,4.0,trial_start,10,3661.8146745175677,,3515.1044518301196,,
5.0,13.0,,4.0,left_cue,100,3663.814786435851,,3515.1044518301196,,
5.0,13.0,left,4.0,left_imagery_start,200,3665.8304825491286,,3515.1044518301196,,
5.0,13.0,left,4.0,rest_start,300,3669.8467113666907,,3515.1044518301196,,
5.0,13.0,left,4.0,iti_start,400,3671.8627239429684,,3515.1044518301196,,
5.0,13.0,left,4.0,trial_end,11,3674.0787466401744,,3515.1044518301196,,
5.0,14.0,,4.0,trial_start,10,3674.0788599861744,,3515.1044518301196,,
5.0,14.0,,4.0,right_cue,101,3676.095137541452,,3515.1044518301196,,
5.0,14.0,right,4.0,right_imagery_start,201,3678.1117593087297,,3515.1044518301196,,
5.0,14.0,right,4.0,rest_start,300,3682.1272848942913,,3515.1044518301196,,
5.0,14.0,right,4.0,iti_start,400,3684.143676739569,,3515.1044518301196,,
5.0,14.0,right,4.0,trial_end,11,3686.343285691781,,3515.1044518301196,,
5.0,15.0,,4.0,trial_start,10,3686.343448933781,,3515.1044518301196,,
5.0,15.0,,4.0,left_cue,100,3688.359331421059,,3515.1044518301196,,
5.0,15.0,left,4.0,left_imagery_start,200,3690.3758693363366,,3515.1044518301196,,
5.0,15.0,left,4.0,rest_start,300,3694.3914385858984,,3515.1044518301196,,
5.0,15.0,left,4.0,iti_start,400,3696.4076893751762,,3515.1044518301196,,
5.0,15.0,left,4.0,trial_end,11,3698.65767599237,,3515.1044518301196,,
5.0,16.0,,4.0,trial_start,10,3698.65781159937,,3515.1044518301196,,
5.0,16.0,,4.0,right_cue,101,3700.6734448566485,,3515.1044518301196,,
5.0,16.0,right,4.0,right_imagery_start,201,3702.6899633989256,,3515.1044518301196,,
5.0,16.0,right,4.0,rest_start,300,3706.7057510924874,,3515.1044518301196,,
5.0,16.0,right,4.0,iti_start,400,3708.721930735765,,3515.1044518301196,,
5.0,16.0,right,4.0,trial_end,11,3710.804918653019,,3515.1044518301196,,
5.0,17.0,,4.0,trial_start,10,3710.805018539019,,3515.1044518301196,,
5.0,17.0,,4.0,left_cue,100,3712.821301776297,,3515.1044518301196,,
5.0,17.0,left,4.0,left_imagery_start,200,3714.8373637525747,,3515.1044518301196,,
5.0,17.0,left,4.0,rest_start,300,3718.8532478431357,,3515.1044518301196,,
5.0,17.0,left,4.0,iti_start,400,3720.8694726824137,,3515.1044518301196,,
5.0,17.0,left,4.0,trial_end,11,3722.9857684096555,,3515.1044518301196,,
5.0,18.0,,4.0,trial_start,10,3722.9858732896555,,3515.1044518301196,,
5.0,18.0,,4.0,right_cue,101,3725.0020264339337,,3515.1044518301196,,
5.0,18.0,right,4.0,right_imagery_start,201,3727.0184506512114,,3515.1044518301196,,
5.0,18.0,right,4.0,rest_start,300,3731.0341956397724,,3515.1044518301196,,
5.0,18.0,right,4.0,iti_start,400,3733.0504024300503,,3515.1044518301196,,
5.0,18.0,right,4.0,trial_end,11,3735.1833624252863,,3515.1044518301196,,
5.0,19.0,,4.0,trial_start,10,3735.1834571552863,,3515.1044518301196,,
5.0,19.0,,4.0,left_cue,100,3737.1996011975643,,3515.1044518301196,,
5.0,19.0,left,4.0,left_imagery_start,200,3739.2160783348418,,3515.1044518301196,,
5.0,19.0,left,4.0,rest_start,300,3743.2318891234036,,3515.1044518301196,,
5.0,19.0,left,4.0,iti_start,400,3745.248033460681,,3515.1044518301196,,
5.0,19.0,left,4.0,trial_end,11,3747.431168827899,,3515.1044518301196,,
5.0,20.0,,4.0,trial_start,10,3747.431305698899,,3515.1044518301196,,
5.0,20.0,,4.0,right_cue,101,3749.447312872177,,3515.1044518301196,,
5.0,20.0,right,4.0,right_imagery_start,201,3751.4637287204546,,3515.1044518301196,,
5.0,20.0,right,4.0,rest_start,300,3755.4794820710163,,3515.1044518301196,,
5.0,20.0,right,4.0,iti_start,400,3757.495679967294,,3515.1044518301196,,
5.0,20.0,right,4.0,trial_end,11,3759.662050295518,,3515.1044518301196,,
5.0,21.0,,4.0,trial_start,10,3759.662206176518,,3515.1044518301196,,
5.0,21.0,,4.0,left_cue,100,3761.678536179796,,3515.1044518301196,,
5.0,21.0,left,4.0,left_imagery_start,200,3763.6944236500735,,3515.1044518301196,,
5.0,21.0,left,4.0,rest_start,300,3767.7102705106354,,3515.1044518301196,,
5.0,21.0,left,4.0,iti_start,400,3769.726555480913,,3515.1044518301196,,
5.0,21.0,left,4.0,trial_end,11,3771.893108794137,,3515.1044518301196,,
5.0,22.0,,4.0,trial_start,10,3771.8932768501368,,3515.1044518301196,,
5.0,22.0,,4.0,right_cue,101,3773.909070132415,,3515.1044518301196,,
5.0,22.0,right,4.0,right_imagery_start,201,3775.925802530692,,3515.1044518301196,,
5.0,22.0,right,4.0,rest_start,300,3779.941164540254,,3515.1044518301196,,
5.0,22.0,right,4.0,iti_start,400,3781.957799306532,,3515.1044518301196,,
5.0,22.0,right,4.0,trial_end,11,3784.107008412762,,3515.1044518301196,,
5.0,23.0,,4.0,trial_start,10,3784.107116889762,,3515.1044518301196,,
5.0,23.0,,4.0,left_cue,100,3786.12328931904,,3515.1044518301196,,
5.0,23.0,left,4.0,left_imagery_start,200,3788.139570189317,,3515.1044518301196,,
5.0,23.0,left,4.0,rest_start,300,3792.1555379818788,,3515.1044518301196,,
5.0,23.0,left,4.0,iti_start,400,3794.1717406401567,,3515.1044518301196,,
5.0,23.0,left,4.0,trial_end,11,3796.3556989183744,,3515.1044518301196,,
5.0,24.0,,4.0,trial_start,10,3796.355813447374,,3515.1044518301196,,
5.0,24.0,,4.0,right_cue,101,3798.3714531156525,,3515.1044518301196,,
5.0,24.0,right,4.0,right_imagery_start,201,3800.3871743069303,,3515.1044518301196,,
5.0,24.0,right,4.0,rest_start,300,3804.403120574492,,3515.1044518301196,,
5.0,24.0,right,4.0,iti_start,400,3806.419419707769,,3515.1044518301196,,
5.0,24.0,right,4.0,trial_end,11,3808.5858618949933,,3515.1044518301196,,
5.0,25.0,,4.0,trial_start,10,3808.5860111529933,,3515.1044518301196,,
5.0,25.0,,4.0,right_cue,101,3810.601826681271,,3515.1044518301196,,
5.0,25.0,right,4.0,right_imagery_start,201,3812.618073710549,,3515.1044518301196,,
5.0,25.0,right,4.0,rest_start,300,3816.63389605511,,3515.1044518301196,,
5.0,25.0,right,4.0,iti_start,400,3818.650220755388,,3515.1044518301196,,
5.0,25.0,right,4.0,trial_end,11,3820.8163974726126,,3515.1044518301196,,
5.0,26.0,,4.0,trial_start,10,3820.8164784666124,,3515.1044518301196,,
5.0,26.0,,4.0,right_cue,101,3822.83270987289,,3515.1044518301196,,
5.0,26.0,right,4.0,right_imagery_start,201,3824.8490592131675,,3515.1044518301196,,
5.0,26.0,right,4.0,rest_start,300,3828.8649094767293,,3515.1044518301196,,
5.0,26.0,right,4.0,iti_start,400,3830.8815679590066,,3515.1044518301196,,
5.0,26.0,right,4.0,trial_end,11,3833.047759413231,,3515.1044518301196,,
5.0,27.0,,4.0,trial_start,10,3833.0478557402307,,3515.1044518301196,,
5.0,27.0,,4.0,left_cue,100,3835.0636285305086,,3515.1044518301196,,
5.0,27.0,left,4.0,left_imagery_start,200,3837.0799187827865,,3515.1044518301196,,
5.0,27.0,left,4.0,rest_start,300,3841.095729371348,,3515.1044518301196,,
5.0,27.0,left,4.0,iti_start,400,3843.1120365616257,,3515.1044518301196,,
5.0,27.0,left,4.0,trial_end,11,3845.211794350874,,3515.1044518301196,,
5.0,28.0,,4.0,trial_start,10,3845.2119255098737,,3515.1044518301196,,
5.0,28.0,,4.0,left_cue,100,3847.2279854161516,,3515.1044518301196,,
5.0,28.0,left,4.0,left_imagery_start,200,3849.244176969429,,3515.1044518301196,,
5.0,28.0,left,4.0,rest_start,300,3853.259945977991,,3515.1044518301196,,
5.0,28.0,left,4.0,iti_start,400,3855.2762935092687,,3515.1044518301196,,
5.0,28.0,left,4.0,trial_end,11,3857.3925996825105,,3515.1044518301196,,
5.0,28.0,left,4.0,block_end,4105,3857.392675161511,,3515.1044518301196,3857.392675161511,
5.0,28.0,left,4.0,kss_screen_onset,700,3857.3928056635104,,3515.1044518301196,3857.392675161511,
5.0,28.0,left,5.0,kss_rating,2005,3862.991681407505,,3515.1044518301196,3857.392675161511,
5.0,28.0,left,5.0,rt_fixation_onset,30,3863.8081243142124,,3515.1044518301196,3857.392675161511,
5.0,28.0,left,5.0,rt_stimulus_onset,31,3866.2740763473294,,3515.1044518301196,3857.392675161511,
5.0,28.0,left,5.0,rt_response_hit,32,3866.960143410083,,3515.1044518301196,3857.392675161511,686.0670627538639
5.0,28.0,left,5.0,final_kss_onset,9000,3867.4738890288995,,3515.1044518301196,3857.392675161511,
5.0,28.0,left,5.0,final_kss_onset,9000,3867.4739743388996,,3515.1044518301196,3857.392675161511,
5.0,28.0,left,5.0,kss_rating,2005,3871.5355683604444,,3515.1044518301196,3857.392675161511,
5.0,28.0,left,5.0,experiment_end,9999,3872.3565758381505,,3515.1044518301196,3857.392675161511,
